"username","password"
"Akbayan","1234"
"Bayan","2345"
"Dara","4567"
"Dora","4545"
"Bota","8585"
"Kara","3939"
"Mike","5678"
"Anna","9876"
"John","2468"
"Emma","1357"
"David","9753"
"Sarah","8642"
"Peter","2580"
"Alice","3691"
"Mark","1470"
"Sophie","2583"
"Chris","3690"
"Julia","1239"
"Alex","9865"
"Eva","7412"
"Tom","5826"
"Lucy","4930"
"Robert","5079"
"Olivia","2803"
"Daniel","6482"
"Grace","9461"
"Kevin","3157"
"Laura","7246"
"Patrick","8096"
"Hannah","2185"
"Steven","5372"
"Natalie","9631"
"Jacob","6420"
"Sophia","1743"
"William","3861"
"Ella","9427"
"Jason","3610"
"Mia","5087"
"Andrew","7394"
"Zoe","6259"
"James","4713"
"Chloe","9702"
"Matthew","8423"
"Victoria","5361"
"Logan","9283"
"Emily","4731"
"Michael","6294"
"Grace","7391"
